-- MySQL dump 10.13  Distrib 8.0.22, for Win64 (x86_64)
--
-- Host: localhost    Database: universal-beats
-- ------------------------------------------------------
-- Server version	8.0.22

/*!40101 SET @OLD_CHARACTER_SET_CLIENT=@@CHARACTER_SET_CLIENT */;
/*!40101 SET @OLD_CHARACTER_SET_RESULTS=@@CHARACTER_SET_RESULTS */;
/*!40101 SET @OLD_COLLATION_CONNECTION=@@COLLATION_CONNECTION */;
/*!50503 SET NAMES utf8 */;
/*!40103 SET @OLD_TIME_ZONE=@@TIME_ZONE */;
/*!40103 SET TIME_ZONE='+00:00' */;
/*!40014 SET @OLD_UNIQUE_CHECKS=@@UNIQUE_CHECKS, UNIQUE_CHECKS=0 */;
/*!40014 SET @OLD_FOREIGN_KEY_CHECKS=@@FOREIGN_KEY_CHECKS, FOREIGN_KEY_CHECKS=0 */;
/*!40101 SET @OLD_SQL_MODE=@@SQL_MODE, SQL_MODE='NO_AUTO_VALUE_ON_ZERO' */;
/*!40111 SET @OLD_SQL_NOTES=@@SQL_NOTES, SQL_NOTES=0 */;

--
-- Table structure for table `beats`
--

DROP TABLE IF EXISTS `beats`;
/*!40101 SET @saved_cs_client     = @@character_set_client */;
/*!50503 SET character_set_client = utf8mb4 */;
CREATE TABLE `beats` (
  `id` int NOT NULL AUTO_INCREMENT,
  `name` varchar(20) NOT NULL,
  `producer_id` int NOT NULL,
  `cover` varchar(255) NOT NULL,
  `genre` varchar(255) NOT NULL,
  `tag` varchar(15) DEFAULT NULL,
  `bpm` int NOT NULL,
  `mood` varchar(255) DEFAULT NULL,
  `price` int NOT NULL,
  `audio` varchar(255) NOT NULL,
  `producer_type` varchar(255) DEFAULT NULL,
  PRIMARY KEY (`id`)
) ENGINE=InnoDB AUTO_INCREMENT=53 DEFAULT CHARSET=utf8mb4 COLLATE=utf8mb4_0900_ai_ci;
/*!40101 SET character_set_client = @saved_cs_client */;

--
-- Dumping data for table `beats`
--

LOCK TABLES `beats` WRITE;
/*!40000 ALTER TABLE `beats` DISABLE KEYS */;
INSERT INTO `beats` VALUES (1,'Not Real',1,'cover/g4psghEacoZNw8Xy4aEubpd26qWDOKApbA5D4GW8.jpeg','Hip Hop','aesthetic',160,'Mellow',13,'audio/4Gst3SXtyY09j0FSu3H3SRMM2wjj4RR11qEZv1JC.mp3','App\\Models\\User'),(2,'@ MEH',3,'cover/PhYivn4cxPSy11m5jvkf6AEpwqnPBbVDPuvvC23i.jpeg','Hip Hop','happy',160,'Bouncy',6,'audio/lezPI52E3OQ4Echus5dZPMRspeEkbn4g3I2tNKvj.mp3','App\\Models\\User'),(3,'Money',3,'cover/0Q5VK13BGU2Ee6Naql0fOlgXqZBUVjiK88k0V17c.png','Hip Hop','money',130,'Bouncy',90,'audio/nGj8F7rWNPtu74yB6Ky1fsew6PjfmEDgQTyJLWxA.mp3','App\\Models\\User'),(4,'Habi',5,'cover/Z1SpFplAbTOLNKS4KaEQN1kp7SvR5jv64iIFiGpL.jpeg','Rock','stomp',110,'Evil',439,'audio/oUzZ96sBHAJ2BZmCHN1kGT1bqQeN7Ji98M7fZZ3T.mp3','App\\Models\\User'),(5,'Boinker',4,'cover/1A8CxUHsBCNVu8eiTT60zFnfcWB5XfxS3YaiJJDY.jpeg','Hip Hop','letsgo',98,'Epic',78,'audio/dqK64MmAUIoIiJBU0rKyifviwFvjhai49ydH6HYw.mp3','App\\Models\\User'),(6,'Rattle',4,'cover/Lf2oGmx4HExpehhernjr4BvE0OeI6YYaF70G0rkV.jpeg','R&B','yeah',110,'Calm',13,'audio/usm2IeMYWwtRUbutqQewTpr6EYMhHgslqr5rapEH.mp3','App\\Models\\User'),(7,'Camellia Sinensis',6,'cover/sMRqu58pby8rSL9MlqZ8YNwcmHEexFcdFBYljlDX.png','Hip Hop','Swag',120,'Mellow',30,'audio/cWaYjBRFhpTX56RHKoBbGI9cfaTVciduj8HtlhzY.mp3','App\\Models\\User'),(8,'Hey, Soul Sister',7,'cover/y8bCDjuP4TyTUDVMAnrlKldBOFRZxOJOoMEy29z1.jpeg','Pop','soulsister',96,'Happy',300,'audio/VTH52teHfwHAZsHkWr9fFLRF8nnaBPCbsefnZj1U.mp3','App\\Models\\User'),(9,'Gucci Flip Flops',5,'cover/TBwE1VV74hG1zc6Ri2iTm2rut9KP99HjEhl3wNXo.jpeg','Hip Hop','gucci',80,'Inspiring',5,'audio/WbaaxLO1I1dq2bLLeza049W0hTyYx9pWxBRb2U5X.mp3','App\\Models\\User'),(10,'I Love It',5,'cover/GtRNWnIDOtAN3SWsbZ9xvTMIseYdFTrIp4Cx3GmV.jpeg','Hip Hop','love',104,'Energetic',45,'audio/W2Ixfk6yOPZol2OtsWoVFwANLYnerSra8cSMpkES.mp3','App\\Models\\User'),(11,'Ultimate',5,'cover/MPxMXIKFyLBZj7wpQi8j5gPIw8MgEUqnuJ1SNByv.jpeg','Hip Hop','hard',113,'Evil',47,'audio/bFBj9bj9ECC60qtEYWEdyiDj4quPT8YEiUjiWhQ0.mp3','App\\Models\\User'),(12,'Flute',1,'cover/pDMzKXn2v86Mm33Ip20o20PbvwscqMF0hzFNIiXU.jpeg','Hip Hop','fluty',117,'Mellow',13,'audio/8OVP8lesBHA47ayd1ouU9vG4F70x5Cv33YNJm381.mp3','App\\Models\\User'),(13,'Boss',1,'cover/UgfgEjR7TfikX935ApGroPHv8sPr5LfwPOL0SShE.jpeg','Hip Hop','hard',160,'Confident',13,'audio/O3U4gWFbKM5vATIBA5qfQICvFRyirV0CN41wI7vF.mp3','App\\Models\\User'),(14,'I\'m The One',8,'cover/bzBagjMIzqtSxYlQ6pUUxHccrmilLTj8t8G0qefy.jpeg','Pop','numberone',81,'Relaxed',14,'audio/c794KblcJq2DSnURBWU1BaccZpNc0KScZLssdeUF.mp3','App\\Models\\User'),(15,'Wild Thoughts',8,'cover/t4B2rpIeePZcy0UX22lcd15USKIdc8K5VXO6Me0q.jpeg','Pop','number one',98,'Soulful',19,'audio/1sLYl8sCFecxj80z5zRUf4ceGNrc7tlXmnaU9MyF.mp3','App\\Models\\User'),(16,'Greece',8,'cover/NRYGr7okLU0CotyWKorazAwkFy2BJpChGkIdy1nb.png','R&B','drake',86,'Dark',12,'audio/zPZqcyuAEbzcfElICA4E4YpXXMOqWSzNQnEROwEB.mp3','App\\Models\\User'),(17,'Popstart',8,'cover/1dCyvQENOIzPauP8u2edivT5oySlijBXWxwbJZoG.png','Hip Hop','pop',163,'Epic',11,'audio/vS1wFRJcYRjZSKhYaqnZ2IrjvaypQ9Lpj01UNs6X.mp3','App\\Models\\User'),(18,'Fell In Luv',2,'cover/uqjBIECtNxQ6ZgzyK98WYkFjHlser8Ae9fZGkf2U.jpeg','Hip Hop','love',163,'Loved',29,'audio/HMLI1aNUEnaQqD5vuYz7IEriWQrKGiAjvh6uLxBf.mp3','App\\Models\\User'),(19,'Marie Curie',2,'cover/8xHW9FzBrp5gdsc9KXSlTidrjEacmkRSQ3fBEHFh.jpeg','Hip Hop','8bit',82,'Bouncy',25,'audio/Xb3XSgpSkEDfDmxYglLo7VrGWlklKEsXsHfICI9g.mp3','App\\Models\\User'),(20,'Magnolia',2,'cover/Z6MrAyFqDBRZ5HY1Megu7hzqlIbAyu9DgWFJ1pZC.jpeg','Hip Hop','wild',163,'Happy',29,'audio/Jb4cruOmtqFFHGCnaeoHE0Ev1Uboe11jmjdDpJ5j.mp3','App\\Models\\User'),(21,'Kid Cudi',2,'cover/nJqNlpDU7s051vnjJdAEeMHFnWyytQmoUfkWnzwO.jpeg','Hip Hop','japan',163,'Happy',39,'audio/DGGbgzoKyGA1q6WV7SzmQd95LGfqWBCkpeH08Vrp.mp3','App\\Models\\User'),(22,'Playstation',2,'cover/LyNEVtNfMTQAlURlOXlIC1dh90hA8tQdarQj8lPh.jpeg','Hip Hop','ps5',162,'Bouncy',450,'audio/URggiy294aGgTuqwZRTc7k2QTaKfz7fPzHbNsfnV.mp3','App\\Models\\User'),(23,'Foreign',2,'cover/9s6JSFoiglaFqKDqGeFn38QAeM7FpzYVGhW9pvND.jpeg','Hip Hop','creative',123,'Mellow',10,'audio/1rtVqHVD5Oo3yuJQkYaU0uIOpV49mTgq7dX5wGDa.mp3','App\\Models\\User'),(24,'dothat!',2,'cover/E8P5nE8Z38HzEeHUnX7PLtoFxbxNRUntCQ3oak5G.jpeg','Hip Hop','yeah',163,'Happy',10,'audio/lIi0ZjtnJkpRbug8Ui8jVuuyRT4HuGpG82gEBLFI.mp3','App\\Models\\User'),(25,'A Lot On My Mind',2,'cover/yETjjhw1eb0ifaGjHB99CSicOY4JLdtE4Hb6ouef.jpeg','Hip Hop','alot',162,'Sad',11,'audio/mSyWCo6MOcJoj9YZQWpolSBYe3bmFXijfHYQH2pd.mp3','App\\Models\\User'),(26,'Paris',9,'cover/vxutclKq2r3hcTUGf86CydpAJE2EfLGbk6aj2SRg.jpeg','Hip Hop','hard',140,'Hyper',400,'audio/bSvUXAClUAf0u7C2uQiz5WqezULlBnhhDZsnNKOB.mp3','App\\Models\\User'),(27,'Father',9,'cover/ShyxeFrDm9tu2AnB1GPOmbDzn6ohncjVsEL4OFN5.jpeg','R&B','fun',113,'Grateful',549,'audio/z55NU4AOpmTGQDdkg5Q0Z4bZiPsRbZalBpNyevmy.mp3','App\\Models\\User'),(28,'Monster',9,'cover/DhqJaBGclnMqvgiqLnaB2W6g6DsTmKGRcId8nCOf.png','Hip Hop','serious',125,'Evil',500,'audio/GhghQAI9Wy3EqmslfCjYkZSs2D8kSxhPaZpWr8tZ.mp3','App\\Models\\User'),(29,'Bound 2',9,'cover/HxseCQVTvlZk7GkA2IxKAjZxfoZqjeZWpLiw93YM.jpeg','Hip Hop','creative',149,'Soulful',490,'audio/gpcX52TWFsxTS6gcG82rv09Bmj8bEv5yiOp8IKK6.mp3','App\\Models\\User'),(30,'Tell Your Friends',9,'cover/ROl6s9mEurE8GJP57ozKXWaQ3XTY5PB0bgeY4kM1.png','R&B','good',74,'Dark',540,'audio/Gj7fBn8zzBR9OM3aNN4pcdET8OkVy5CSCqsGoavB.mp3','App\\Models\\User'),(31,'I Changed My Mind',9,'cover/vHVPxZNOz3dbj8whO28ya330nKljbS2zchH1SY9b.jpeg','R&B','cool',94,'Relaxed',370,'audio/DMZ4P6T0P16REmYR1xMLhQN5WsWAuwwLcIpRmgyn.mp3','App\\Models\\User'),(32,'Party',9,'cover/Izy91NWGsQVJmXiPwtPD2Q2T8TNcFA1KcR09ddWn.png','R&B','fun',80,'Soulful',540,'audio/4258t9NgQzeV6auz3TYmkf36EDfldPOeQKePeErl.mp3','App\\Models\\User'),(33,'Bohemian Rhapsody',10,'cover/iD3JW1fxro3aeobYoF2EwSOiSFVR0jM9eIWCAx2L.jpeg','Rock','classic',72,'Epic',130,'audio/ZpIFYW7NXfsihDYVyNnpkwmEWgJZ4E8sypMPuoki.mp3','App\\Models\\User'),(34,'Don\'t Stop Me Now',10,'cover/cDFS1Td5bgdM7tlCEU0if6z4MKIqHdboykHB2F0R.jpeg','Rock','classic',161,'Hyper',130,'audio/uuebwYvfMhTc6zDTbCflQSHce0vPXxas1PvsdOa6.mp3','App\\Models\\User'),(35,'Under Pressure',10,'cover/lcNNUsrut47DTvINBBYghHcfVnoNlhWrJxJNJ64t.jpeg','Rock','classic',113,'Inspiring',100,'audio/VGvzgIsRYP0ljCN8FD1EE5SRN1shUkKPIYR9HWxY.mp3','App\\Models\\User'),(36,'Black Skinhead',9,'cover/Js6xQ1UhBf4icnKiDROBbbqIlMxQyxKJWsPk3zJE.jpeg','Rock','hard',130,'Evil',670,'audio/4kQ03yExTHla7gDI2Pl7Ya2popkI3Ccj3BHy1Mhz.mp3','App\\Models\\User'),(37,'Levels',11,'cover/rZg19YbjohCBTeTPXgqeXqllX4llgnhDsv4Cy0Rx.jpeg','Electronic','fire',127,'Bouncy',23,'audio/8mD7CeM5l1L6LRBCQodex8I1FvkWvuh8TVzZVsT2.mp3','App\\Models\\User'),(38,'Jamming',12,'cover/83D7aBk6QPxX7CwEoxfr9YEeKR7mYXfHDRlRiqHF.jpeg','Reggae','jam',123,'Relaxed',4,'audio/9FtgTO5ApXuhrc2YOxLi4n54iNnIJehqooUmxU4w.mp3','App\\Models\\User'),(39,'Lover',13,'cover/HXjs0V5QLHMWM71tbehAra8qQ38bH4xfRAAmDYD0.jpeg','Country','love',69,'Loved',1,'audio/wIt7RSDAVHCftpqd0Ts5bry1qvFKlGSYO7Trtaef.mp3','App\\Models\\User'),(40,'Medieval',14,'cover/4PvIJijba9EPoZIz36QCqIpTS5shf5TilMMXVrrl.jpeg','World','cool',80,'Inspiring',60,'audio/ZgH2tlp1ucsz4KFRnsee6FP49v0MgY3YlMZ9uh9e.mp3','App\\Models\\User'),(41,'slayer',1,'cover/UwTCILwkn5tn5z0sGW2YGtStV1zEJyv9yE3HT32n.png','Hip Hop','swag',163,'Depressed',60,'audio/8wsB53SBilehAAg4gVkMFSxJT0togD7uRPGHL6Pz.mp3','App\\Models\\User'),(42,'Startin Somethin',15,'cover/n5EN99PchQYPv3pTIgKxTz5r5fFLm732XCsBIbce.jpeg','Pop','cool',130,'Bouncy',13,'audio/JJL7ciPK9bIwl0SoWyCuukPX1E9cPTPQo1fmvTHh.mp3','App\\Models\\User'),(43,'Somebody',16,'cover/0F3pGoHYmOgUpmo6S0UnVyovxUHCvAWcYPuBwiFz.png','Pop','cool',80,'Calm',30,'audio/yUbrmBzTnTZvxldlwyyJCmW3lmX1nP2FRUsnu2nf.mp3','App\\Models\\User');
/*!40000 ALTER TABLE `beats` ENABLE KEYS */;
UNLOCK TABLES;

--
-- Table structure for table `failed_jobs`
--

DROP TABLE IF EXISTS `failed_jobs`;
/*!40101 SET @saved_cs_client     = @@character_set_client */;
/*!50503 SET character_set_client = utf8mb4 */;
CREATE TABLE `failed_jobs` (
  `id` bigint unsigned NOT NULL AUTO_INCREMENT,
  `uuid` varchar(255) CHARACTER SET utf8mb4 COLLATE utf8mb4_unicode_ci NOT NULL,
  `connection` text CHARACTER SET utf8mb4 COLLATE utf8mb4_unicode_ci NOT NULL,
  `queue` text CHARACTER SET utf8mb4 COLLATE utf8mb4_unicode_ci NOT NULL,
  `payload` longtext CHARACTER SET utf8mb4 COLLATE utf8mb4_unicode_ci NOT NULL,
  `exception` longtext CHARACTER SET utf8mb4 COLLATE utf8mb4_unicode_ci NOT NULL,
  `failed_at` timestamp NOT NULL DEFAULT CURRENT_TIMESTAMP,
  PRIMARY KEY (`id`),
  UNIQUE KEY `failed_jobs_uuid_unique` (`uuid`)
) ENGINE=InnoDB DEFAULT CHARSET=utf8mb4 COLLATE=utf8mb4_unicode_ci;
/*!40101 SET character_set_client = @saved_cs_client */;

--
-- Dumping data for table `failed_jobs`
--

LOCK TABLES `failed_jobs` WRITE;
/*!40000 ALTER TABLE `failed_jobs` DISABLE KEYS */;
/*!40000 ALTER TABLE `failed_jobs` ENABLE KEYS */;
UNLOCK TABLES;

--
-- Table structure for table `genres`
--

DROP TABLE IF EXISTS `genres`;
/*!40101 SET @saved_cs_client     = @@character_set_client */;
/*!50503 SET character_set_client = utf8mb4 */;
CREATE TABLE `genres` (
  `id` int NOT NULL AUTO_INCREMENT,
  `name` varchar(255) NOT NULL,
  PRIMARY KEY (`id`)
) ENGINE=InnoDB AUTO_INCREMENT=9 DEFAULT CHARSET=utf8mb4 COLLATE=utf8mb4_0900_ai_ci;
/*!40101 SET character_set_client = @saved_cs_client */;

--
-- Dumping data for table `genres`
--

LOCK TABLES `genres` WRITE;
/*!40000 ALTER TABLE `genres` DISABLE KEYS */;
INSERT INTO `genres` VALUES (1,'Hip Hop'),(2,'Pop'),(3,'R&B'),(4,'Rock'),(5,'Electronic'),(6,'Reggae'),(7,'Country'),(8,'World');
/*!40000 ALTER TABLE `genres` ENABLE KEYS */;
UNLOCK TABLES;

--
-- Table structure for table `migrations`
--

DROP TABLE IF EXISTS `migrations`;
/*!40101 SET @saved_cs_client     = @@character_set_client */;
/*!50503 SET character_set_client = utf8mb4 */;
CREATE TABLE `migrations` (
  `id` int unsigned NOT NULL AUTO_INCREMENT,
  `migration` varchar(255) CHARACTER SET utf8mb4 COLLATE utf8mb4_unicode_ci NOT NULL,
  `batch` int NOT NULL,
  PRIMARY KEY (`id`)
) ENGINE=InnoDB AUTO_INCREMENT=5 DEFAULT CHARSET=utf8mb4 COLLATE=utf8mb4_unicode_ci;
/*!40101 SET character_set_client = @saved_cs_client */;

--
-- Dumping data for table `migrations`
--

LOCK TABLES `migrations` WRITE;
/*!40000 ALTER TABLE `migrations` DISABLE KEYS */;
INSERT INTO `migrations` VALUES (1,'2014_10_12_000000_create_users_table',1),(2,'2014_10_12_100000_create_password_resets_table',1),(3,'2019_08_19_000000_create_failed_jobs_table',1),(4,'2020_12_11_234526_create_notifications_table',2);
/*!40000 ALTER TABLE `migrations` ENABLE KEYS */;
UNLOCK TABLES;

--
-- Table structure for table `moods`
--

DROP TABLE IF EXISTS `moods`;
/*!40101 SET @saved_cs_client     = @@character_set_client */;
/*!50503 SET character_set_client = utf8mb4 */;
CREATE TABLE `moods` (
  `id` int NOT NULL AUTO_INCREMENT,
  `name` varchar(255) NOT NULL,
  PRIMARY KEY (`id`)
) ENGINE=InnoDB AUTO_INCREMENT=41 DEFAULT CHARSET=utf8mb4 COLLATE=utf8mb4_0900_ai_ci;
/*!40101 SET character_set_client = @saved_cs_client */;

--
-- Dumping data for table `moods`
--

LOCK TABLES `moods` WRITE;
/*!40000 ALTER TABLE `moods` DISABLE KEYS */;
INSERT INTO `moods` VALUES (1,'Accomplished'),(2,'Adored'),(3,'Angry'),(4,'Annoyed'),(5,'Anxious'),(6,'Bouncy'),(7,'Calm'),(8,'Confident'),(9,'Crazy'),(10,'Crunk'),(11,'Dark'),(12,'Depressed'),(13,'Determined'),(14,'Dirty'),(15,'Disappointed'),(16,'Eccentric'),(17,'Energetic'),(18,'Enraged'),(19,'Epic'),(20,'Evil'),(21,'Flirty'),(22,'Frantic'),(23,'Giddy'),(24,'Gloomy'),(25,'Grateful'),(26,'Happy'),(27,'Hyper'),(28,'Inspiring'),(29,'Intense'),(30,'Lazy'),(31,'Lonely'),(32,'Loved'),(33,'Mellow'),(34,'Peaceful'),(35,'Rebellious'),(36,'Relaxed'),(37,'Sad'),(38,'Scared'),(39,'Silly'),(40,'Soulful');
/*!40000 ALTER TABLE `moods` ENABLE KEYS */;
UNLOCK TABLES;

--
-- Table structure for table `notifications`
--

DROP TABLE IF EXISTS `notifications`;
/*!40101 SET @saved_cs_client     = @@character_set_client */;
/*!50503 SET character_set_client = utf8mb4 */;
CREATE TABLE `notifications` (
  `id` char(36) CHARACTER SET utf8mb4 COLLATE utf8mb4_unicode_ci NOT NULL,
  `type` varchar(255) CHARACTER SET utf8mb4 COLLATE utf8mb4_unicode_ci NOT NULL,
  `notifiable_type` varchar(255) CHARACTER SET utf8mb4 COLLATE utf8mb4_unicode_ci NOT NULL,
  `notifiable_id` bigint unsigned NOT NULL,
  `data` text CHARACTER SET utf8mb4 COLLATE utf8mb4_unicode_ci NOT NULL,
  `read_at` timestamp NULL DEFAULT NULL,
  `created_at` timestamp NULL DEFAULT NULL,
  `updated_at` timestamp NULL DEFAULT NULL,
  PRIMARY KEY (`id`),
  KEY `notifications_notifiable_type_notifiable_id_index` (`notifiable_type`,`notifiable_id`)
) ENGINE=InnoDB DEFAULT CHARSET=utf8mb4 COLLATE=utf8mb4_unicode_ci;
/*!40101 SET character_set_client = @saved_cs_client */;

--
-- Dumping data for table `notifications`
--

LOCK TABLES `notifications` WRITE;
/*!40000 ALTER TABLE `notifications` DISABLE KEYS */;
INSERT INTO `notifications` VALUES ('039e1fb2-26a6-413b-b934-b548afa8669e','App\\Notifications\\SoldBeat','App\\Models\\User',2,'Marie Curie',NULL,'2021-01-21 00:02:29','2021-01-21 00:02:29'),('053a8233-137f-4a5b-b804-a384dc05b875','App\\Notifications\\SoldBeat','App\\Models\\User',2,'Magnolia',NULL,'2021-01-21 00:02:29','2021-01-21 00:02:29'),('0fc1a4f6-6f9f-4edd-8fa4-f80eca3fa902','App\\Notifications\\SoldBeat','App\\Models\\User',8,'I\'m The One','2020-12-12 10:30:54','2020-12-12 10:30:45','2020-12-12 10:30:54'),('27709ca4-216c-4806-9b51-115350ce0aef','App\\Notifications\\SoldBeat','App\\Models\\User',5,'Habi','2020-12-12 16:10:18','2020-12-12 16:10:02','2020-12-12 16:10:18'),('3ff72faf-278d-4556-8812-a2ed79506dc3','App\\Notifications\\SoldBeat','App\\Models\\User',5,'Gucci Flip Flops','2020-12-12 16:10:18','2020-12-12 16:10:02','2020-12-12 16:10:18'),('4328c561-f61a-4d0c-b21c-23ee6cfb3969','App\\Notifications\\SoldBeat','App\\Models\\User',14,'Medieval',NULL,'2020-12-12 16:04:16','2020-12-12 16:04:16'),('4d04ae78-9d91-497d-b74c-8bc111c6dae9','App\\Notifications\\SoldBeat','App\\Models\\User',10,'Bohemian Rhapsody',NULL,'2020-12-12 19:37:14','2020-12-12 19:37:14'),('532c8acb-fe0d-44e6-9678-653d598c3783','App\\Notifications\\SoldBeat','App\\Models\\User',5,'Ultimate','2020-12-12 16:09:37','2020-12-12 09:03:10','2020-12-12 16:09:37'),('737807f6-3ea4-40fe-87dc-3be93a94dfd6','App\\Notifications\\SoldBeat','App\\Models\\User',12,'Jamming',NULL,'2020-12-12 12:41:56','2020-12-12 12:41:56'),('7acebeff-c260-4974-b4b9-c18320f9cfdb','App\\Notifications\\SoldBeat','App\\Models\\User',10,'Under Pressure',NULL,'2020-12-12 19:37:14','2020-12-12 19:37:14'),('88bf4aad-900c-4fed-b91e-8c13c548cf6d','App\\Notifications\\SoldBeat','App\\Models\\User',1,'slayer','2021-01-21 09:33:31','2021-01-21 09:33:16','2021-01-21 09:33:31'),('8a5cc026-f774-4819-8ea3-c89e8c174a66','App\\Notifications\\SoldBeat','App\\Models\\User',9,'Party',NULL,'2020-12-12 16:37:55','2020-12-12 16:37:55'),('981041a3-d073-4af2-b950-985957161566','App\\Notifications\\SoldBeat','App\\Models\\User',2,'Kid Cudi',NULL,'2020-12-13 00:15:24','2020-12-13 00:15:24'),('9b8d4844-f0d0-4c2a-91e2-4be6603459d6','App\\Notifications\\SoldBeat','App\\Models\\User',9,'Father',NULL,'2020-12-12 16:37:55','2020-12-12 16:37:55'),('a3aabb42-ee59-40a5-91cf-b200b3cd1fc1','App\\Notifications\\SoldBeat','App\\Models\\User',13,'Lover',NULL,'2020-12-12 16:02:36','2020-12-12 16:02:36'),('ae8655f3-e67b-4bc8-87ac-eb322d2e021e','App\\Notifications\\SoldBeat','App\\Models\\User',4,'Rattle',NULL,'2021-01-20 23:55:07','2021-01-20 23:55:07'),('b1596ea4-9add-4412-af7a-b8fe4c9011f1','App\\Notifications\\SoldBeat','App\\Models\\User',8,'Popstart',NULL,'2020-12-12 11:13:30','2020-12-12 11:13:30'),('b9b74e67-61eb-41fa-b1a8-72fce5b52c9c','App\\Notifications\\SoldBeat','App\\Models\\User',8,'Popstart','2020-12-12 10:30:54','2020-12-12 10:30:45','2020-12-12 10:30:54'),('ba4c26f1-48b1-47d3-90ab-b9db3eaf7fa0','App\\Notifications\\SoldBeat','App\\Models\\User',9,'Party',NULL,'2021-01-21 00:02:29','2021-01-21 00:02:29'),('bd9de38c-66ed-4612-9e3f-46840fdcc611','App\\Notifications\\SoldBeat','App\\Models\\User',2,'Foreign',NULL,'2020-12-12 16:36:19','2020-12-12 16:36:19'),('bf6707e4-8c26-4ec2-98d7-65b44001c2fe','App\\Notifications\\SoldBeat','App\\Models\\User',2,'Playstation',NULL,'2020-12-12 16:36:19','2020-12-12 16:36:19'),('cabcc7d8-5ae3-4765-903f-f3177cf31101','App\\Notifications\\SoldBeat','App\\Models\\User',12,'Jamming',NULL,'2020-12-12 16:38:43','2020-12-12 16:38:43'),('d7d57b91-2771-479d-9584-e8faaa5f3797','App\\Notifications\\SoldBeat','App\\Models\\User',14,'Medieva',NULL,'2020-12-12 16:02:51','2020-12-12 16:02:51'),('edcef1ab-6922-45ad-bfd7-fb11c5cd680b','App\\Notifications\\SoldBeat','App\\Models\\User',1,'slayer','2021-01-21 09:04:07','2021-01-21 08:58:45','2021-01-21 09:04:07'),('f11b28c4-71c0-4ca7-8897-d8693c8ece8e','App\\Notifications\\SoldBeat','App\\Models\\User',13,'Lover',NULL,'2020-12-12 13:15:14','2020-12-12 13:15:14'),('f761acf0-be57-4c3a-b734-5fa80a656ac6','App\\Notifications\\SoldBeat','App\\Models\\User',3,'@ MEH','2021-01-20 16:16:38','2020-12-12 16:38:43','2021-01-20 16:16:38');
/*!40000 ALTER TABLE `notifications` ENABLE KEYS */;
UNLOCK TABLES;

--
-- Table structure for table `password_resets`
--

DROP TABLE IF EXISTS `password_resets`;
/*!40101 SET @saved_cs_client     = @@character_set_client */;
/*!50503 SET character_set_client = utf8mb4 */;
CREATE TABLE `password_resets` (
  `email` varchar(255) CHARACTER SET utf8mb4 COLLATE utf8mb4_unicode_ci NOT NULL,
  `token` varchar(255) CHARACTER SET utf8mb4 COLLATE utf8mb4_unicode_ci NOT NULL,
  `created_at` timestamp NULL DEFAULT NULL,
  KEY `password_resets_email_index` (`email`)
) ENGINE=InnoDB DEFAULT CHARSET=utf8mb4 COLLATE=utf8mb4_unicode_ci;
/*!40101 SET character_set_client = @saved_cs_client */;

--
-- Dumping data for table `password_resets`
--

LOCK TABLES `password_resets` WRITE;
/*!40000 ALTER TABLE `password_resets` DISABLE KEYS */;
INSERT INTO `password_resets` VALUES ('marvindeckmyn@gmail.com','$2y$10$ataiZ55LnkQRyMX2driywu4s3msaXE9vqbPtyS6Lp/C4OGtIuzlJu','2020-12-10 15:22:43');
/*!40000 ALTER TABLE `password_resets` ENABLE KEYS */;
UNLOCK TABLES;

--
-- Table structure for table `plays`
--

DROP TABLE IF EXISTS `plays`;
/*!40101 SET @saved_cs_client     = @@character_set_client */;
/*!50503 SET character_set_client = utf8mb4 */;
CREATE TABLE `plays` (
  `id` int unsigned NOT NULL AUTO_INCREMENT,
  `beat_id` int NOT NULL,
  `created_at` timestamp NOT NULL DEFAULT CURRENT_TIMESTAMP ON UPDATE CURRENT_TIMESTAMP,
  `updated_at` timestamp NOT NULL DEFAULT '0000-00-00 00:00:00',
  PRIMARY KEY (`id`)
) ENGINE=InnoDB AUTO_INCREMENT=701 DEFAULT CHARSET=utf8mb4 COLLATE=utf8mb4_0900_ai_ci;
/*!40101 SET character_set_client = @saved_cs_client */;

--
-- Dumping data for table `plays`
--

LOCK TABLES `plays` WRITE;
/*!40000 ALTER TABLE `plays` DISABLE KEYS */;
INSERT INTO `plays` VALUES (1,5,'2020-12-01 00:46:44','2020-12-01 00:46:44'),(2,5,'2020-12-01 00:48:42','2020-12-01 00:48:42'),(3,5,'2020-12-01 00:51:35','2020-12-01 00:51:35'),(4,5,'2020-12-01 00:51:37','2020-12-01 00:51:37'),(5,5,'2020-12-01 00:51:37','2020-12-01 00:51:37'),(6,5,'2020-12-01 00:51:38','2020-12-01 00:51:38'),(7,5,'2020-12-01 00:51:46','2020-12-01 00:51:46'),(8,5,'2020-12-01 00:52:32','2020-12-01 00:52:32'),(9,5,'2020-12-01 00:57:52','2020-12-01 00:57:52'),(10,5,'2020-12-01 00:58:31','2020-12-01 00:58:31'),(11,5,'2020-12-01 00:58:33','2020-12-01 00:58:33'),(12,5,'2020-12-01 00:59:00','2020-12-01 00:59:00'),(13,5,'2020-12-01 01:02:59','2020-12-01 01:02:59'),(14,7,'2020-12-01 01:03:16','2020-12-01 01:03:16'),(15,7,'2020-12-01 01:04:19','2020-12-01 01:04:19'),(16,7,'2020-12-01 01:04:23','2020-12-01 01:04:23'),(17,7,'2020-12-01 01:04:44','2020-12-01 01:04:44'),(18,7,'2020-12-01 01:05:05','2020-12-01 01:05:05'),(19,7,'2020-12-01 01:07:30','2020-12-01 01:07:30'),(20,7,'2020-12-01 01:09:05','2020-12-01 01:09:05'),(21,7,'2020-12-01 01:09:21','2020-12-01 01:09:21'),(22,7,'2020-12-01 01:09:49','2020-12-01 01:09:49'),(23,6,'2020-12-01 01:11:04','2020-12-01 01:11:04'),(24,6,'2020-12-01 01:11:46','2020-12-01 01:11:46'),(25,6,'2020-12-01 01:14:57','2020-12-01 01:14:57'),(26,6,'2020-12-01 01:14:59','2020-12-01 01:14:59'),(27,6,'2020-12-01 01:17:22','2020-12-01 01:17:22'),(28,6,'2020-12-01 01:17:57','2020-12-01 01:17:57'),(29,6,'2020-12-01 01:18:21','2020-12-01 01:18:21'),(30,6,'2020-12-01 01:19:27','2020-12-01 01:19:27'),(31,5,'2020-12-01 01:27:44','2020-12-01 01:27:44'),(32,5,'2020-12-01 22:15:22','2020-12-01 22:15:22'),(33,5,'2020-12-02 12:28:55','2020-12-02 12:28:55'),(34,8,'2020-12-02 13:05:40','2020-12-02 13:05:40'),(35,5,'2020-12-03 09:35:04','2020-12-03 09:35:04'),(36,5,'2020-12-03 09:35:13','2020-12-03 09:35:13'),(37,5,'2020-12-03 09:35:14','2020-12-03 09:35:14'),(38,5,'2020-12-03 09:35:15','2020-12-03 09:35:15'),(39,6,'2020-12-03 09:57:55','2020-12-03 09:57:55'),(40,8,'2020-12-03 18:21:19','2020-12-03 18:21:19'),(41,8,'2020-12-03 18:21:20','2020-12-03 18:21:20'),(42,8,'2020-12-03 18:21:21','2020-12-03 18:21:21'),(43,8,'2020-12-03 18:21:21','2020-12-03 18:21:21'),(44,8,'2020-12-03 18:21:22','2020-12-03 18:21:22'),(45,8,'2020-12-03 18:21:22','2020-12-03 18:21:22'),(46,7,'2020-12-03 18:21:32','2020-12-03 18:21:32'),(47,7,'2020-12-03 18:21:35','2020-12-03 18:21:35'),(48,7,'2020-12-03 18:21:35','2020-12-03 18:21:35'),(49,7,'2020-12-03 18:21:35','2020-12-03 18:21:35'),(50,9,'2020-12-03 18:21:37','2020-12-03 18:21:37'),(51,9,'2020-12-03 18:21:39','2020-12-03 18:21:39'),(52,9,'2020-12-03 18:21:39','2020-12-03 18:21:39'),(53,9,'2020-12-03 18:21:40','2020-12-03 18:21:40'),(54,5,'2020-12-03 18:21:42','2020-12-03 18:21:42'),(55,5,'2020-12-03 18:21:43','2020-12-03 18:21:43'),(56,5,'2020-12-04 06:45:43','2020-12-04 06:45:43'),(57,8,'2020-12-04 07:01:11','2020-12-04 07:01:11'),(58,5,'2020-12-04 07:01:24','2020-12-04 07:01:24'),(59,11,'2020-12-05 14:15:39','2020-12-05 14:15:39'),(60,11,'2020-12-05 14:15:54','2020-12-05 14:15:54'),(61,9,'2020-12-05 14:16:14','2020-12-05 14:16:14'),(62,12,'2020-12-05 14:19:01','2020-12-05 14:19:01'),(63,12,'2020-12-05 14:19:03','2020-12-05 14:19:03'),(64,12,'2020-12-05 14:19:03','2020-12-05 14:19:03'),(65,12,'2020-12-05 14:19:03','2020-12-05 14:19:03'),(66,12,'2020-12-05 14:19:04','2020-12-05 14:19:04'),(67,12,'2020-12-05 14:19:04','2020-12-05 14:19:04'),(68,12,'2020-12-05 14:19:04','2020-12-05 14:19:04'),(69,12,'2020-12-05 14:19:04','2020-12-05 14:19:04'),(70,12,'2020-12-05 14:19:05','2020-12-05 14:19:05'),(71,12,'2020-12-05 14:19:05','2020-12-05 14:19:05'),(72,12,'2020-12-05 14:19:05','2020-12-05 14:19:05'),(73,12,'2020-12-05 14:19:06','2020-12-05 14:19:06'),(74,12,'2020-12-05 14:19:06','2020-12-05 14:19:06'),(75,12,'2020-12-05 14:19:06','2020-12-05 14:19:06'),(76,12,'2020-12-05 14:19:07','2020-12-05 14:19:07'),(77,12,'2020-12-05 14:19:07','2020-12-05 14:19:07'),(78,12,'2020-12-05 14:19:07','2020-12-05 14:19:07'),(79,12,'2020-12-05 14:19:07','2020-12-05 14:19:07'),(80,12,'2020-12-05 14:19:08','2020-12-05 14:19:08'),(81,12,'2020-12-05 14:19:08','2020-12-05 14:19:08'),(82,12,'2020-12-05 14:19:08','2020-12-05 14:19:08'),(83,12,'2020-12-05 14:19:08','2020-12-05 14:19:08'),(84,12,'2020-12-05 14:19:09','2020-12-05 14:19:09'),(85,12,'2020-12-05 14:19:09','2020-12-05 14:19:09'),(86,12,'2020-12-05 14:19:09','2020-12-05 14:19:09'),(87,12,'2020-12-05 14:19:10','2020-12-05 14:19:10'),(88,12,'2020-12-05 14:19:10','2020-12-05 14:19:10'),(89,12,'2020-12-05 14:19:10','2020-12-05 14:19:10'),(90,12,'2020-12-05 14:19:10','2020-12-05 14:19:10'),(91,12,'2020-12-05 14:19:11','2020-12-05 14:19:11'),(92,12,'2020-12-05 14:19:11','2020-12-05 14:19:11'),(93,12,'2020-12-05 14:19:12','2020-12-05 14:19:12'),(94,12,'2020-12-05 14:19:12','2020-12-05 14:19:12'),(95,12,'2020-12-05 14:19:12','2020-12-05 14:19:12'),(96,12,'2020-12-05 14:19:12','2020-12-05 14:19:12'),(97,13,'2020-12-05 17:08:17','2020-12-05 17:08:17'),(98,13,'2020-12-05 17:08:24','2020-12-05 17:08:24'),(99,13,'2020-12-05 17:08:25','2020-12-05 17:08:25'),(100,13,'2020-12-05 17:08:25','2020-12-05 17:08:25'),(101,13,'2020-12-05 17:08:25','2020-12-05 17:08:25'),(102,13,'2020-12-05 17:08:26','2020-12-05 17:08:26'),(103,13,'2020-12-05 17:08:26','2020-12-05 17:08:26'),(104,9,'2020-12-05 17:08:29','2020-12-05 17:08:29'),(105,9,'2020-12-05 17:08:33','2020-12-05 17:08:33'),(106,9,'2020-12-05 17:08:34','2020-12-05 17:08:34'),(107,8,'2020-12-05 17:18:56','2020-12-05 17:18:56'),(108,13,'2020-12-06 06:43:31','2020-12-06 06:43:31'),(109,11,'2020-12-06 12:12:21','2020-12-06 12:12:21'),(110,13,'2020-12-06 12:46:47','2020-12-06 12:46:47'),(111,13,'2020-12-06 12:48:03','2020-12-06 12:48:03'),(112,13,'2020-12-06 12:48:12','2020-12-06 12:48:12'),(113,13,'2020-12-06 12:48:17','2020-12-06 12:48:17'),(114,13,'2020-12-06 12:48:25','2020-12-06 12:48:25'),(115,13,'2020-12-06 12:48:38','2020-12-06 12:48:38'),(116,5,'2020-12-06 13:24:57','2020-12-06 13:24:57'),(117,5,'2020-12-06 13:24:58','2020-12-06 13:24:58'),(118,5,'2020-12-06 13:24:58','2020-12-06 13:24:58'),(119,5,'2020-12-06 13:24:59','2020-12-06 13:24:59'),(120,5,'2020-12-06 13:24:59','2020-12-06 13:24:59'),(121,5,'2020-12-06 13:24:59','2020-12-06 13:24:59'),(122,12,'2020-12-08 15:45:19','2020-12-08 15:45:19'),(123,11,'2020-12-09 15:51:52','2020-12-09 15:51:52'),(124,6,'2020-12-09 15:52:42','2020-12-09 15:52:42'),(125,14,'2020-12-09 16:04:10','2020-12-09 16:04:10'),(126,14,'2020-12-09 16:04:14','2020-12-09 16:04:14'),(127,14,'2020-12-09 16:06:03','2020-12-09 16:06:03'),(128,12,'2020-12-09 16:15:57','2020-12-09 16:15:57'),(129,11,'2020-12-09 16:16:11','2020-12-09 16:16:11'),(130,14,'2020-12-10 09:34:13','2020-12-10 09:34:13'),(131,14,'2020-12-10 09:51:33','2020-12-10 09:51:33'),(132,12,'2020-12-10 10:16:15','2020-12-10 10:16:15'),(133,13,'2020-12-10 13:33:53','2020-12-10 13:33:53'),(134,13,'2020-12-10 13:34:01','2020-12-10 13:34:01'),(135,13,'2020-12-10 13:34:44','2020-12-10 13:34:44'),(136,9,'2020-12-10 14:07:20','2020-12-10 14:07:20'),(137,11,'2020-12-10 14:11:13','2020-12-10 14:11:13'),(138,12,'2020-12-10 14:32:03','2020-12-10 14:32:03'),(139,6,'2020-12-10 14:33:53','2020-12-10 14:33:53'),(140,14,'2020-12-10 14:51:38','2020-12-10 14:51:38'),(141,11,'2020-12-10 14:57:28','2020-12-10 14:57:28'),(142,11,'2020-12-10 14:57:42','2020-12-10 14:57:42'),(143,13,'2020-12-10 15:03:29','2020-12-10 15:03:29'),(144,13,'2020-12-10 15:03:31','2020-12-10 15:03:31'),(145,13,'2020-12-10 15:03:31','2020-12-10 15:03:31'),(146,13,'2020-12-10 15:03:31','2020-12-10 15:03:31'),(147,13,'2020-12-10 15:03:32','2020-12-10 15:03:32'),(148,13,'2020-12-10 15:03:32','2020-12-10 15:03:32'),(149,13,'2020-12-10 15:03:32','2020-12-10 15:03:32'),(150,13,'2020-12-10 15:03:32','2020-12-10 15:03:32'),(151,13,'2020-12-10 15:03:32','2020-12-10 15:03:32'),(152,13,'2020-12-10 15:03:32','2020-12-10 15:03:32'),(153,13,'2020-12-10 15:03:33','2020-12-10 15:03:33'),(154,14,'2020-12-10 15:03:44','2020-12-10 15:03:44'),(155,14,'2020-12-10 15:03:45','2020-12-10 15:03:45'),(156,14,'2020-12-10 15:03:45','2020-12-10 15:03:45'),(157,14,'2020-12-10 15:03:45','2020-12-10 15:03:45'),(158,14,'2020-12-10 15:03:45','2020-12-10 15:03:45'),(159,13,'2020-12-10 15:03:47','2020-12-10 15:03:47'),(160,13,'2020-12-10 15:03:47','2020-12-10 15:03:47'),(161,13,'2020-12-10 15:03:48','2020-12-10 15:03:48'),(162,13,'2020-12-10 15:03:48','2020-12-10 15:03:48'),(163,12,'2020-12-10 15:03:49','2020-12-10 15:03:49'),(164,12,'2020-12-10 15:03:49','2020-12-10 15:03:49'),(165,12,'2020-12-10 15:03:50','2020-12-10 15:03:50'),(166,12,'2020-12-10 15:03:50','2020-12-10 15:03:50'),(167,12,'2020-12-10 15:03:50','2020-12-10 15:03:50'),(168,11,'2020-12-10 15:03:51','2020-12-10 15:03:51'),(169,11,'2020-12-10 15:03:51','2020-12-10 15:03:51'),(170,11,'2020-12-10 15:03:52','2020-12-10 15:03:52'),(171,11,'2020-12-10 15:03:52','2020-12-10 15:03:52'),(172,11,'2020-12-10 15:03:52','2020-12-10 15:03:52'),(173,9,'2020-12-10 15:03:53','2020-12-10 15:03:53'),(174,9,'2020-12-10 15:03:54','2020-12-10 15:03:54'),(175,9,'2020-12-10 15:03:54','2020-12-10 15:03:54'),(176,9,'2020-12-10 15:03:54','2020-12-10 15:03:54'),(177,8,'2020-12-10 15:03:56','2020-12-10 15:03:56'),(178,8,'2020-12-10 15:03:56','2020-12-10 15:03:56'),(179,8,'2020-12-10 15:03:56','2020-12-10 15:03:56'),(180,8,'2020-12-10 15:03:57','2020-12-10 15:03:57'),(181,8,'2020-12-10 15:03:57','2020-12-10 15:03:57'),(182,6,'2020-12-10 15:03:59','2020-12-10 15:03:59'),(183,6,'2020-12-10 15:03:59','2020-12-10 15:03:59'),(184,6,'2020-12-10 15:03:59','2020-12-10 15:03:59'),(185,6,'2020-12-10 15:04:00','2020-12-10 15:04:00'),(186,6,'2020-12-10 15:04:00','2020-12-10 15:04:00'),(187,6,'2020-12-10 15:04:00','2020-12-10 15:04:00'),(188,6,'2020-12-10 15:04:00','2020-12-10 15:04:00'),(189,5,'2020-12-10 15:04:02','2020-12-10 15:04:02'),(190,5,'2020-12-10 15:04:02','2020-12-10 15:04:02'),(191,5,'2020-12-10 15:04:03','2020-12-10 15:04:03'),(192,5,'2020-12-10 15:04:03','2020-12-10 15:04:03'),(193,13,'2020-12-10 15:05:17','2020-12-10 15:05:17'),(194,14,'2020-12-10 17:01:16','2020-12-10 17:01:16'),(195,14,'2020-12-10 17:18:03','2020-12-10 17:18:03'),(196,14,'2020-12-10 17:18:04','2020-12-10 17:18:04'),(197,14,'2020-12-10 17:18:04','2020-12-10 17:18:04'),(198,14,'2020-12-10 17:18:05','2020-12-10 17:18:05'),(199,14,'2020-12-10 17:20:54','2020-12-10 17:20:54'),(200,14,'2020-12-10 17:21:54','2020-12-10 17:21:54'),(201,14,'2020-12-10 17:25:35','2020-12-10 17:25:35'),(202,14,'2020-12-10 17:25:47','2020-12-10 17:25:47'),(203,14,'2020-12-10 17:27:08','2020-12-10 17:27:08'),(204,14,'2020-12-10 17:27:45','2020-12-10 17:27:45'),(205,14,'2020-12-10 17:27:50','2020-12-10 17:27:50'),(206,14,'2020-12-10 17:27:59','2020-12-10 17:27:59'),(207,14,'2020-12-10 17:28:01','2020-12-10 17:28:01'),(208,14,'2020-12-10 17:28:33','2020-12-10 17:28:33'),(209,14,'2020-12-10 17:28:50','2020-12-10 17:28:50'),(210,14,'2020-12-10 17:28:56','2020-12-10 17:28:56'),(211,14,'2020-12-10 17:29:05','2020-12-10 17:29:05'),(212,14,'2020-12-10 17:29:59','2020-12-10 17:29:59'),(213,14,'2020-12-10 17:30:05','2020-12-10 17:30:05'),(214,14,'2020-12-10 17:30:16','2020-12-10 17:30:16'),(215,14,'2020-12-10 17:34:33','2020-12-10 17:34:33'),(216,14,'2020-12-10 17:36:07','2020-12-10 17:36:07'),(217,14,'2020-12-10 17:36:45','2020-12-10 17:36:45'),(218,14,'2020-12-10 17:37:23','2020-12-10 17:37:23'),(219,14,'2020-12-10 17:37:34','2020-12-10 17:37:34'),(220,14,'2020-12-10 17:38:04','2020-12-10 17:38:04'),(221,14,'2020-12-10 17:38:09','2020-12-10 17:38:09'),(222,14,'2020-12-10 17:38:48','2020-12-10 17:38:48'),(223,14,'2020-12-10 17:39:24','2020-12-10 17:39:24'),(224,14,'2020-12-10 17:40:13','2020-12-10 17:40:13'),(225,14,'2020-12-10 17:40:28','2020-12-10 17:40:28'),(226,14,'2020-12-10 17:40:56','2020-12-10 17:40:56'),(227,14,'2020-12-10 17:41:42','2020-12-10 17:41:42'),(228,14,'2020-12-10 17:43:44','2020-12-10 17:43:44'),(229,14,'2020-12-10 18:22:00','2020-12-10 18:22:00'),(230,14,'2020-12-10 18:22:27','2020-12-10 18:22:27'),(231,14,'2020-12-10 18:22:28','2020-12-10 18:22:28'),(232,14,'2020-12-10 18:27:00','2020-12-10 18:27:00'),(233,14,'2020-12-10 18:27:30','2020-12-10 18:27:30'),(234,14,'2020-12-10 19:22:27','2020-12-10 19:22:27'),(235,14,'2020-12-10 19:22:31','2020-12-10 19:22:31'),(236,14,'2020-12-10 19:23:34','2020-12-10 19:23:34'),(237,14,'2020-12-10 19:24:12','2020-12-10 19:24:12'),(238,14,'2020-12-10 19:24:59','2020-12-10 19:24:59'),(239,14,'2020-12-10 19:25:30','2020-12-10 19:25:30'),(240,14,'2020-12-10 19:27:05','2020-12-10 19:27:05'),(241,14,'2020-12-10 19:27:47','2020-12-10 19:27:47'),(242,14,'2020-12-10 19:31:34','2020-12-10 19:31:34'),(243,14,'2020-12-10 19:32:20','2020-12-10 19:32:20'),(244,14,'2020-12-10 19:33:58','2020-12-10 19:33:58'),(245,14,'2020-12-10 19:39:17','2020-12-10 19:39:17'),(246,14,'2020-12-10 19:41:19','2020-12-10 19:41:19'),(247,14,'2020-12-10 19:41:23','2020-12-10 19:41:23'),(248,14,'2020-12-10 19:42:44','2020-12-10 19:42:44'),(249,14,'2020-12-10 19:42:49','2020-12-10 19:42:49'),(250,14,'2020-12-10 19:43:25','2020-12-10 19:43:25'),(251,14,'2020-12-10 19:43:30','2020-12-10 19:43:30'),(252,14,'2020-12-10 19:44:47','2020-12-10 19:44:47'),(253,14,'2020-12-10 19:46:19','2020-12-10 19:46:19'),(254,8,'2020-12-10 19:46:31','2020-12-10 19:46:31'),(255,6,'2020-12-10 19:46:45','2020-12-10 19:46:45'),(256,6,'2020-12-10 19:47:09','2020-12-10 19:47:09'),(257,6,'2020-12-10 19:47:59','2020-12-10 19:47:59'),(258,6,'2020-12-10 19:48:04','2020-12-10 19:48:04'),(259,6,'2020-12-10 19:48:17','2020-12-10 19:48:17'),(260,6,'2020-12-10 19:48:32','2020-12-10 19:48:32'),(261,6,'2020-12-10 19:48:35','2020-12-10 19:48:35'),(262,6,'2020-12-10 19:48:52','2020-12-10 19:48:52'),(263,6,'2020-12-10 19:49:11','2020-12-10 19:49:11'),(264,6,'2020-12-10 19:49:32','2020-12-10 19:49:32'),(265,6,'2020-12-10 19:50:27','2020-12-10 19:50:27'),(266,6,'2020-12-10 19:50:32','2020-12-10 19:50:32'),(267,6,'2020-12-10 19:50:55','2020-12-10 19:50:55'),(268,6,'2020-12-10 19:52:33','2020-12-10 19:52:33'),(269,6,'2020-12-10 19:53:44','2020-12-10 19:53:44'),(270,6,'2020-12-10 19:56:48','2020-12-10 19:56:48'),(271,6,'2020-12-10 19:57:00','2020-12-10 19:57:00'),(272,6,'2020-12-10 19:57:01','2020-12-10 19:57:01'),(273,6,'2020-12-10 19:57:37','2020-12-10 19:57:37'),(274,6,'2020-12-10 19:58:07','2020-12-10 19:58:07'),(275,6,'2020-12-10 20:00:27','2020-12-10 20:00:27'),(276,6,'2020-12-10 20:00:29','2020-12-10 20:00:29'),(277,6,'2020-12-10 20:00:36','2020-12-10 20:00:36'),(278,6,'2020-12-10 20:00:39','2020-12-10 20:00:39'),(279,6,'2020-12-10 20:00:48','2020-12-10 20:00:48'),(280,6,'2020-12-10 20:02:24','2020-12-10 20:02:24'),(281,6,'2020-12-10 20:02:27','2020-12-10 20:02:27'),(282,6,'2020-12-10 20:03:00','2020-12-10 20:03:00'),(283,6,'2020-12-10 20:03:15','2020-12-10 20:03:15'),(284,6,'2020-12-10 20:04:14','2020-12-10 20:04:14'),(285,6,'2020-12-10 20:04:15','2020-12-10 20:04:15'),(286,6,'2020-12-10 20:04:16','2020-12-10 20:04:16'),(287,6,'2020-12-10 20:04:21','2020-12-10 20:04:21'),(288,8,'2020-12-10 20:04:21','2020-12-10 20:04:21'),(289,6,'2020-12-10 20:04:28','2020-12-10 20:04:28'),(290,12,'2020-12-10 20:04:34','2020-12-10 20:04:34'),(291,11,'2020-12-10 20:04:38','2020-12-10 20:04:38'),(292,12,'2020-12-10 20:04:47','2020-12-10 20:04:47'),(293,11,'2020-12-10 20:05:05','2020-12-10 20:05:05'),(294,11,'2020-12-10 20:06:24','2020-12-10 20:06:24'),(295,12,'2020-12-10 20:07:02','2020-12-10 20:07:02'),(296,11,'2020-12-10 20:07:37','2020-12-10 20:07:37'),(297,11,'2020-12-10 20:11:04','2020-12-10 20:11:04'),(298,11,'2020-12-10 20:11:07','2020-12-10 20:11:07'),(299,11,'2020-12-10 20:11:09','2020-12-10 20:11:09'),(300,11,'2020-12-10 20:12:05','2020-12-10 20:12:05'),(301,11,'2020-12-10 20:12:35','2020-12-10 20:12:35'),(302,11,'2020-12-10 20:13:05','2020-12-10 20:13:05'),(303,11,'2020-12-10 20:13:37','2020-12-10 20:13:37'),(304,12,'2020-12-10 20:13:46','2020-12-10 20:13:46'),(305,14,'2020-12-11 11:12:12','2020-12-11 11:12:12'),(306,13,'2020-12-11 11:12:18','2020-12-11 11:12:18'),(307,11,'2020-12-11 11:12:23','2020-12-11 11:12:23'),(308,11,'2020-12-11 11:12:36','2020-12-11 11:12:36'),(309,11,'2020-12-11 11:12:42','2020-12-11 11:12:42'),(310,14,'2020-12-11 11:12:46','2020-12-11 11:12:46'),(311,12,'2020-12-11 11:12:53','2020-12-11 11:12:53'),(312,14,'2020-12-11 11:12:56','2020-12-11 11:12:56'),(313,13,'2020-12-11 11:13:02','2020-12-11 11:13:02'),(314,11,'2020-12-11 11:13:05','2020-12-11 11:13:05'),(315,12,'2020-12-11 11:13:07','2020-12-11 11:13:07'),(316,6,'2020-12-11 11:13:14','2020-12-11 11:13:14'),(317,14,'2020-12-11 11:16:15','2020-12-11 11:16:15'),(318,14,'2020-12-11 11:43:58','2020-12-11 11:43:58'),(319,14,'2020-12-11 11:44:03','2020-12-11 11:44:03'),(320,14,'2020-12-11 11:44:25','2020-12-11 11:44:25'),(321,14,'2020-12-11 11:44:30','2020-12-11 11:44:30'),(322,14,'2020-12-11 11:44:37','2020-12-11 11:44:37'),(323,14,'2020-12-11 11:45:06','2020-12-11 11:45:06'),(324,14,'2020-12-11 11:45:09','2020-12-11 11:45:09'),(325,14,'2020-12-11 11:46:20','2020-12-11 11:46:20'),(326,14,'2020-12-11 11:48:07','2020-12-11 11:48:07'),(327,14,'2020-12-11 11:48:12','2020-12-11 11:48:12'),(328,14,'2020-12-11 11:48:27','2020-12-11 11:48:27'),(329,14,'2020-12-11 11:48:43','2020-12-11 11:48:43'),(330,14,'2020-12-11 11:49:10','2020-12-11 11:49:10'),(331,14,'2020-12-11 11:53:14','2020-12-11 11:53:14'),(332,14,'2020-12-11 12:12:06','2020-12-11 12:12:06'),(333,14,'2020-12-11 12:12:23','2020-12-11 12:12:23'),(334,14,'2020-12-11 12:13:32','2020-12-11 12:13:32'),(335,14,'2020-12-11 12:14:21','2020-12-11 12:14:21'),(336,5,'2020-12-11 12:14:28','2020-12-11 12:14:28'),(337,5,'2020-12-11 12:15:54','2020-12-11 12:15:54'),(338,5,'2020-12-11 12:16:04','2020-12-11 12:16:04'),(339,5,'2020-12-11 12:16:12','2020-12-11 12:16:12'),(340,5,'2020-12-11 12:16:54','2020-12-11 12:16:54'),(341,5,'2020-12-11 12:17:00','2020-12-11 12:17:00'),(342,5,'2020-12-11 12:17:06','2020-12-11 12:17:06'),(343,5,'2020-12-11 12:18:51','2020-12-11 12:18:51'),(344,5,'2020-12-11 12:19:06','2020-12-11 12:19:06'),(345,5,'2020-12-11 12:20:04','2020-12-11 12:20:04'),(346,5,'2020-12-11 12:20:13','2020-12-11 12:20:13'),(347,5,'2020-12-11 12:20:16','2020-12-11 12:20:16'),(348,5,'2020-12-11 12:20:33','2020-12-11 12:20:33'),(349,5,'2020-12-11 12:20:39','2020-12-11 12:20:39'),(350,5,'2020-12-11 12:20:46','2020-12-11 12:20:46'),(351,5,'2020-12-11 12:21:31','2020-12-11 12:21:31'),(352,5,'2020-12-11 12:22:17','2020-12-11 12:22:17'),(353,5,'2020-12-11 12:22:29','2020-12-11 12:22:29'),(354,5,'2020-12-11 12:22:35','2020-12-11 12:22:35'),(355,5,'2020-12-11 12:23:11','2020-12-11 12:23:11'),(356,5,'2020-12-11 12:23:19','2020-12-11 12:23:19'),(357,5,'2020-12-11 12:24:07','2020-12-11 12:24:07'),(358,5,'2020-12-11 12:26:10','2020-12-11 12:26:10'),(359,5,'2020-12-11 12:26:12','2020-12-11 12:26:12'),(360,5,'2020-12-11 12:26:14','2020-12-11 12:26:14'),(361,5,'2020-12-11 12:28:38','2020-12-11 12:28:38'),(362,5,'2020-12-11 12:30:47','2020-12-11 12:30:47'),(363,5,'2020-12-11 12:31:04','2020-12-11 12:31:04'),(364,5,'2020-12-11 12:34:07','2020-12-11 12:34:07'),(365,8,'2020-12-11 12:34:25','2020-12-11 12:34:25'),(366,6,'2020-12-11 12:34:31','2020-12-11 12:34:31'),(367,8,'2020-12-11 12:34:35','2020-12-11 12:34:35'),(368,8,'2020-12-11 12:36:13','2020-12-11 12:36:13'),(369,8,'2020-12-11 12:36:22','2020-12-11 12:36:22'),(370,8,'2020-12-11 12:36:29','2020-12-11 12:36:29'),(371,8,'2020-12-11 12:36:40','2020-12-11 12:36:40'),(372,11,'2020-12-11 12:37:24','2020-12-11 12:37:24'),(373,12,'2020-12-11 12:37:28','2020-12-11 12:37:28'),(374,11,'2020-12-11 12:37:31','2020-12-11 12:37:31'),(375,14,'2020-12-11 12:38:02','2020-12-11 12:38:02'),(376,9,'2020-12-11 12:38:07','2020-12-11 12:38:07'),(377,9,'2020-12-11 12:40:55','2020-12-11 12:40:55'),(378,9,'2020-12-11 12:40:58','2020-12-11 12:40:58'),(379,9,'2020-12-11 12:41:11','2020-12-11 12:41:11'),(380,9,'2020-12-11 12:44:23','2020-12-11 12:44:23'),(381,9,'2020-12-11 12:44:31','2020-12-11 12:44:31'),(382,9,'2020-12-11 12:44:39','2020-12-11 12:44:39'),(383,9,'2020-12-11 12:44:51','2020-12-11 12:44:51'),(384,9,'2020-12-11 12:47:46','2020-12-11 12:47:46'),(385,9,'2020-12-11 12:47:50','2020-12-11 12:47:50'),(386,9,'2020-12-11 12:47:52','2020-12-11 12:47:52'),(387,9,'2020-12-11 12:47:53','2020-12-11 12:47:53'),(388,12,'2020-12-11 12:47:59','2020-12-11 12:47:59'),(389,11,'2020-12-11 12:48:21','2020-12-11 12:48:21'),(390,11,'2020-12-11 12:49:59','2020-12-11 12:49:59'),(391,11,'2020-12-11 12:51:55','2020-12-11 12:51:55'),(392,11,'2020-12-11 12:52:10','2020-12-11 12:52:10'),(393,11,'2020-12-11 12:52:28','2020-12-11 12:52:28'),(394,12,'2020-12-11 12:52:35','2020-12-11 12:52:35'),(395,14,'2020-12-11 12:54:35','2020-12-11 12:54:35'),(396,14,'2020-12-11 12:56:27','2020-12-11 12:56:27'),(397,14,'2020-12-11 12:56:57','2020-12-11 12:56:57'),(398,9,'2020-12-11 12:59:00','2020-12-11 12:59:00'),(399,13,'2020-12-11 12:59:18','2020-12-11 12:59:18'),(400,9,'2020-12-11 13:00:37','2020-12-11 13:00:37'),(401,14,'2020-12-11 13:00:51','2020-12-11 13:00:51'),(402,13,'2020-12-11 13:02:26','2020-12-11 13:02:26'),(403,15,'2020-12-11 13:12:12','2020-12-11 13:12:12'),(404,9,'2020-12-11 13:13:27','2020-12-11 13:13:27'),(405,15,'2020-12-11 13:14:54','2020-12-11 13:14:54'),(406,15,'2020-12-11 13:15:30','2020-12-11 13:15:30'),(407,16,'2020-12-11 13:19:57','2020-12-11 13:19:57'),(408,17,'2020-12-11 13:23:27','2020-12-11 13:23:27'),(409,17,'2020-12-11 13:23:32','2020-12-11 13:23:32'),(410,17,'2020-12-11 13:23:33','2020-12-11 13:23:33'),(411,17,'2020-12-11 13:24:14','2020-12-11 13:24:14'),(412,17,'2020-12-11 13:24:21','2020-12-11 13:24:21'),(413,17,'2020-12-11 13:25:03','2020-12-11 13:25:03'),(414,17,'2020-12-11 13:25:05','2020-12-11 13:25:05'),(415,17,'2020-12-11 13:25:58','2020-12-11 13:25:58'),(416,17,'2020-12-11 13:26:11','2020-12-11 13:26:11'),(417,15,'2020-12-11 13:26:18','2020-12-11 13:26:18'),(418,9,'2020-12-11 13:26:20','2020-12-11 13:26:20'),(419,17,'2020-12-11 13:27:56','2020-12-11 13:27:56'),(420,15,'2020-12-11 13:28:01','2020-12-11 13:28:01'),(421,17,'2020-12-11 13:28:07','2020-12-11 13:28:07'),(422,16,'2020-12-11 13:28:34','2020-12-11 13:28:34'),(423,9,'2020-12-11 13:29:05','2020-12-11 13:29:05'),(424,12,'2020-12-11 13:33:18','2020-12-11 13:33:18'),(425,17,'2020-12-11 13:39:44','2020-12-11 13:39:44'),(426,5,'2020-12-11 13:40:09','2020-12-11 13:40:09'),(427,18,'2020-12-11 13:50:18','2020-12-11 13:50:18'),(428,5,'2020-12-11 13:50:29','2020-12-11 13:50:29'),(429,18,'2020-12-11 13:50:36','2020-12-11 13:50:36'),(430,19,'2020-12-11 13:51:54','2020-12-11 13:51:54'),(431,19,'2020-12-11 14:09:13','2020-12-11 14:09:13'),(432,18,'2020-12-11 14:09:17','2020-12-11 14:09:17'),(433,5,'2020-12-11 14:09:24','2020-12-11 14:09:24'),(434,16,'2020-12-11 14:09:28','2020-12-11 14:09:28'),(435,19,'2020-12-11 14:44:34','2020-12-11 14:44:34'),(436,19,'2020-12-11 15:20:37','2020-12-11 15:20:37'),(437,18,'2020-12-11 15:57:36','2020-12-11 15:57:36'),(438,18,'2020-12-11 16:00:07','2020-12-11 16:00:07'),(439,18,'2020-12-11 16:01:16','2020-12-11 16:01:16'),(440,18,'2020-12-11 16:02:40','2020-12-11 16:02:40'),(441,18,'2020-12-11 16:09:52','2020-12-11 16:09:52'),(442,5,'2020-12-11 17:35:12','2020-12-11 17:35:12'),(443,17,'2020-12-11 18:39:46','2020-12-11 18:39:46'),(444,19,'2020-12-11 20:10:26','2020-12-11 20:10:26'),(445,8,'2020-12-11 20:24:26','2020-12-11 20:24:26'),(446,19,'2020-12-11 20:29:21','2020-12-11 20:29:21'),(447,18,'2020-12-11 20:29:25','2020-12-11 20:29:25'),(448,6,'2020-12-11 20:29:41','2020-12-11 20:29:41'),(449,8,'2020-12-11 20:29:46','2020-12-11 20:29:46'),(450,6,'2020-12-11 20:33:40','2020-12-11 20:33:40'),(451,6,'2020-12-11 20:34:12','2020-12-11 20:34:12'),(452,6,'2020-12-11 20:35:24','2020-12-11 20:35:24'),(453,8,'2020-12-11 20:35:30','2020-12-11 20:35:30'),(454,18,'2020-12-11 20:35:45','2020-12-11 20:35:45'),(455,19,'2020-12-11 20:35:47','2020-12-11 20:35:47'),(456,6,'2020-12-11 20:35:51','2020-12-11 20:35:51'),(457,6,'2020-12-11 20:36:51','2020-12-11 20:36:51'),(458,6,'2020-12-11 20:37:17','2020-12-11 20:37:17'),(459,18,'2020-12-11 20:38:24','2020-12-11 20:38:24'),(460,6,'2020-12-11 20:38:27','2020-12-11 20:38:27'),(461,6,'2020-12-11 20:40:17','2020-12-11 20:40:17'),(462,6,'2020-12-11 20:40:56','2020-12-11 20:40:56'),(463,6,'2020-12-11 20:41:18','2020-12-11 20:41:18'),(464,6,'2020-12-11 20:41:51','2020-12-11 20:41:51'),(465,6,'2020-12-11 20:42:55','2020-12-11 20:42:55'),(466,6,'2020-12-11 20:44:05','2020-12-11 20:44:05'),(467,6,'2020-12-11 20:44:12','2020-12-11 20:44:12'),(468,6,'2020-12-11 20:44:15','2020-12-11 20:44:15'),(469,6,'2020-12-11 20:44:17','2020-12-11 20:44:17'),(470,6,'2020-12-11 20:44:39','2020-12-11 20:44:39'),(471,6,'2020-12-11 20:45:08','2020-12-11 20:45:08'),(472,6,'2020-12-11 20:45:15','2020-12-11 20:45:15'),(473,6,'2020-12-11 20:45:18','2020-12-11 20:45:18'),(474,6,'2020-12-11 20:46:13','2020-12-11 20:46:13'),(475,18,'2020-12-11 20:46:41','2020-12-11 20:46:41'),(476,18,'2020-12-11 20:46:46','2020-12-11 20:46:46'),(477,18,'2020-12-11 20:46:54','2020-12-11 20:46:54'),(478,18,'2020-12-11 22:11:46','2020-12-11 22:11:46'),(479,15,'2020-12-11 22:33:43','2020-12-11 22:33:43'),(480,19,'2020-12-11 22:33:56','2020-12-11 22:33:56'),(481,17,'2020-12-11 23:24:26','2020-12-11 23:24:26'),(482,16,'2020-12-11 23:25:23','2020-12-11 23:25:23'),(483,15,'2020-12-11 23:43:12','2020-12-11 23:43:12'),(484,9,'2020-12-11 23:46:37','2020-12-11 23:46:37'),(485,19,'2020-12-11 23:47:43','2020-12-11 23:47:43'),(486,18,'2020-12-11 23:49:26','2020-12-11 23:49:26'),(487,18,'2020-12-11 23:49:54','2020-12-11 23:49:54'),(488,18,'2020-12-11 23:50:01','2020-12-11 23:50:01'),(489,18,'2020-12-11 23:50:30','2020-12-11 23:50:30'),(490,5,'2020-12-12 08:50:37','2020-12-12 08:50:37'),(491,5,'2020-12-12 08:59:24','2020-12-12 08:59:24'),(492,5,'2020-12-12 09:00:16','2020-12-12 09:00:16'),(493,19,'2020-12-12 09:00:39','2020-12-12 09:00:39'),(494,18,'2020-12-12 09:00:58','2020-12-12 09:00:58'),(495,17,'2020-12-12 09:01:09','2020-12-12 09:01:09'),(496,17,'2020-12-12 09:03:06','2020-12-12 09:03:06'),(497,16,'2020-12-12 09:07:23','2020-12-12 09:07:23'),(498,16,'2020-12-12 09:13:46','2020-12-12 09:13:46'),(499,14,'2020-12-12 09:22:57','2020-12-12 09:22:57'),(500,20,'2020-12-12 09:48:43','2020-12-12 09:48:43'),(501,20,'2020-12-12 09:49:07','2020-12-12 09:49:07'),(502,20,'2020-12-12 09:49:19','2020-12-12 09:49:19'),(503,20,'2020-12-12 09:49:34','2020-12-12 09:49:34'),(504,20,'2020-12-12 09:49:59','2020-12-12 09:49:59'),(505,21,'2020-12-12 10:16:34','2020-12-12 10:16:34'),(506,20,'2020-12-12 10:17:17','2020-12-12 10:17:17'),(507,21,'2020-12-12 10:17:25','2020-12-12 10:17:25'),(508,21,'2020-12-12 10:19:23','2020-12-12 10:19:23'),(509,21,'2020-12-12 10:19:33','2020-12-12 10:19:33'),(510,22,'2020-12-12 10:20:34','2020-12-12 10:20:34'),(511,22,'2020-12-12 10:20:38','2020-12-12 10:20:38'),(512,22,'2020-12-12 10:20:39','2020-12-12 10:20:39'),(513,22,'2020-12-12 10:20:39','2020-12-12 10:20:39'),(514,22,'2020-12-12 10:20:39','2020-12-12 10:20:39'),(515,22,'2020-12-12 10:20:40','2020-12-12 10:20:40'),(516,22,'2020-12-12 10:20:40','2020-12-12 10:20:40'),(517,22,'2020-12-12 10:20:40','2020-12-12 10:20:40'),(518,23,'2020-12-12 10:25:49','2020-12-12 10:25:49'),(519,23,'2020-12-12 10:25:58','2020-12-12 10:25:58'),(520,23,'2020-12-12 10:25:59','2020-12-12 10:25:59'),(521,24,'2020-12-12 10:28:57','2020-12-12 10:28:57'),(522,20,'2020-12-12 10:30:34','2020-12-12 10:30:34'),(523,25,'2020-12-12 10:34:14','2020-12-12 10:34:14'),(524,25,'2020-12-12 10:34:19','2020-12-12 10:34:19'),(525,26,'2020-12-12 10:39:02','2020-12-12 10:39:02'),(526,25,'2020-12-12 10:39:10','2020-12-12 10:39:10'),(527,26,'2020-12-12 10:39:17','2020-12-12 10:39:17'),(528,27,'2020-12-12 10:44:47','2020-12-12 10:44:47'),(529,28,'2020-12-12 10:49:46','2020-12-12 10:49:46'),(530,28,'2020-12-12 10:50:05','2020-12-12 10:50:05'),(531,29,'2020-12-12 10:54:20','2020-12-12 10:54:20'),(532,29,'2020-12-12 10:54:34','2020-12-12 10:54:34'),(533,29,'2020-12-12 10:54:34','2020-12-12 10:54:34'),(534,29,'2020-12-12 10:54:35','2020-12-12 10:54:35'),(535,29,'2020-12-12 10:54:35','2020-12-12 10:54:35'),(536,29,'2020-12-12 10:54:36','2020-12-12 10:54:36'),(537,26,'2020-12-12 10:54:39','2020-12-12 10:54:39'),(538,29,'2020-12-12 10:54:43','2020-12-12 10:54:43'),(539,30,'2020-12-12 11:03:16','2020-12-12 11:03:16'),(540,30,'2020-12-12 11:04:41','2020-12-12 11:04:41'),(541,31,'2020-12-12 11:07:59','2020-12-12 11:07:59'),(542,31,'2020-12-12 11:08:10','2020-12-12 11:08:10'),(543,32,'2020-12-12 11:11:10','2020-12-12 11:11:10'),(544,32,'2020-12-12 11:12:32','2020-12-12 11:12:32'),(545,32,'2020-12-12 11:12:51','2020-12-12 11:12:51'),(546,29,'2020-12-12 11:13:08','2020-12-12 11:13:08'),(547,20,'2020-12-12 11:13:17','2020-12-12 11:13:17'),(548,24,'2020-12-12 11:13:21','2020-12-12 11:13:21'),(549,32,'2020-12-12 11:15:49','2020-12-12 11:15:49'),(550,27,'2020-12-12 11:15:57','2020-12-12 11:15:57'),(551,29,'2020-12-12 11:16:04','2020-12-12 11:16:04'),(552,30,'2020-12-12 11:16:05','2020-12-12 11:16:05'),(553,30,'2020-12-12 11:16:11','2020-12-12 11:16:11'),(554,33,'2020-12-12 11:22:10','2020-12-12 11:22:10'),(555,33,'2020-12-12 11:22:46','2020-12-12 11:22:46'),(556,33,'2020-12-12 11:22:47','2020-12-12 11:22:47'),(557,34,'2020-12-12 11:25:08','2020-12-12 11:25:08'),(558,34,'2020-12-12 11:26:54','2020-12-12 11:26:54'),(559,35,'2020-12-12 11:28:21','2020-12-12 11:28:21'),(560,35,'2020-12-12 11:28:26','2020-12-12 11:28:26'),(561,9,'2020-12-12 11:29:08','2020-12-12 11:29:08'),(562,16,'2020-12-12 11:29:11','2020-12-12 11:29:11'),(563,25,'2020-12-12 11:29:17','2020-12-12 11:29:17'),(564,35,'2020-12-12 11:29:32','2020-12-12 11:29:32'),(565,36,'2020-12-12 11:31:24','2020-12-12 11:31:24'),(566,37,'2020-12-12 11:35:22','2020-12-12 11:35:22'),(567,38,'2020-12-12 11:39:40','2020-12-12 11:39:40'),(568,38,'2020-12-12 11:40:54','2020-12-12 11:40:54'),(569,38,'2020-12-12 11:40:56','2020-12-12 11:40:56'),(570,38,'2020-12-12 11:40:56','2020-12-12 11:40:56'),(571,36,'2020-12-12 11:46:17','2020-12-12 11:46:17'),(572,39,'2020-12-12 11:48:54','2020-12-12 11:48:54'),(573,39,'2020-12-12 11:48:58','2020-12-12 11:48:58'),(574,39,'2020-12-12 11:48:58','2020-12-12 11:48:58'),(575,40,'2020-12-12 11:52:21','2020-12-12 11:52:21'),(576,28,'2020-12-12 11:52:39','2020-12-12 11:52:39'),(577,27,'2020-12-12 11:52:42','2020-12-12 11:52:42'),(578,37,'2020-12-12 11:53:17','2020-12-12 11:53:17'),(579,41,'2020-12-12 12:04:09','2020-12-12 12:04:09'),(580,35,'2020-12-12 12:04:36','2020-12-12 12:04:36'),(581,42,'2020-12-12 12:06:48','2020-12-12 12:06:48'),(582,41,'2020-12-12 12:07:09','2020-12-12 12:07:09'),(583,43,'2020-12-12 12:08:44','2020-12-12 12:08:44'),(584,44,'2020-12-12 12:11:05','2020-12-12 12:11:05'),(585,45,'2020-12-12 12:15:25','2020-12-12 12:15:25'),(586,46,'2020-12-12 12:23:31','2020-12-12 12:23:31'),(587,47,'2020-12-12 12:28:12','2020-12-12 12:28:12'),(588,48,'2020-12-12 12:33:31','2020-12-12 12:33:31'),(589,48,'2020-12-12 12:33:46','2020-12-12 12:33:46'),(590,46,'2020-12-12 12:41:52','2020-12-12 12:41:52'),(591,48,'2020-12-12 12:42:07','2020-12-12 12:42:07'),(592,43,'2020-12-12 12:43:51','2020-12-12 12:43:51'),(593,44,'2020-12-12 12:47:08','2020-12-12 12:47:08'),(594,40,'2020-12-12 12:51:46','2020-12-12 12:51:46'),(595,48,'2020-12-12 13:10:04','2020-12-12 13:10:04'),(596,48,'2020-12-12 13:11:00','2020-12-12 13:11:00'),(597,48,'2020-12-12 13:11:05','2020-12-12 13:11:05'),(598,48,'2020-12-12 13:11:09','2020-12-12 13:11:09'),(599,48,'2020-12-12 13:11:37','2020-12-12 13:11:37'),(600,48,'2020-12-12 13:11:41','2020-12-12 13:11:41'),(601,48,'2020-12-12 13:11:52','2020-12-12 13:11:52'),(602,47,'2020-12-12 13:15:05','2020-12-12 13:15:05'),(603,48,'2020-12-12 13:15:45','2020-12-12 13:15:45'),(604,48,'2020-12-12 14:21:48','2020-12-12 14:21:48'),(605,45,'2020-12-12 15:14:18','2020-12-12 15:14:18'),(606,44,'2020-12-12 15:15:22','2020-12-12 15:15:22'),(607,35,'2020-12-12 15:15:37','2020-12-12 15:15:37'),(608,47,'2020-12-12 15:18:37','2020-12-12 15:18:37'),(609,48,'2020-12-12 15:39:15','2020-12-12 15:39:15'),(610,48,'2020-12-12 15:40:45','2020-12-12 15:40:45'),(611,44,'2020-12-12 15:43:04','2020-12-12 15:43:04'),(612,44,'2020-12-12 15:44:01','2020-12-12 15:44:01'),(613,44,'2020-12-12 15:44:13','2020-12-12 15:44:13'),(614,44,'2020-12-12 15:44:51','2020-12-12 15:44:51'),(615,44,'2020-12-12 15:45:01','2020-12-12 15:45:01'),(616,44,'2020-12-12 15:45:26','2020-12-12 15:45:26'),(617,44,'2020-12-12 15:46:25','2020-12-12 15:46:25'),(618,44,'2020-12-12 15:46:31','2020-12-12 15:46:31'),(619,44,'2020-12-12 15:46:40','2020-12-12 15:46:40'),(620,44,'2020-12-12 15:47:33','2020-12-12 15:47:33'),(621,44,'2020-12-12 15:47:57','2020-12-12 15:47:57'),(622,44,'2020-12-12 15:48:42','2020-12-12 15:48:42'),(623,44,'2020-12-12 15:49:16','2020-12-12 15:49:16'),(624,44,'2020-12-12 15:49:51','2020-12-12 15:49:51'),(625,44,'2020-12-12 15:50:06','2020-12-12 15:50:06'),(626,35,'2020-12-12 15:50:19','2020-12-12 15:50:19'),(627,25,'2020-12-12 15:52:46','2020-12-12 15:52:46'),(628,35,'2020-12-12 15:53:56','2020-12-12 15:53:56'),(629,48,'2020-12-12 15:54:14','2020-12-12 15:54:14'),(630,44,'2020-12-12 15:54:37','2020-12-12 15:54:37'),(631,36,'2020-12-12 15:54:44','2020-12-12 15:54:44'),(632,36,'2020-12-12 15:56:04','2020-12-12 15:56:04'),(633,36,'2020-12-12 15:56:12','2020-12-12 15:56:12'),(634,36,'2020-12-12 15:56:37','2020-12-12 15:56:37'),(635,36,'2020-12-12 15:56:39','2020-12-12 15:56:39'),(636,48,'2020-12-12 16:02:48','2020-12-12 16:02:48'),(637,9,'2020-12-12 16:09:47','2020-12-12 16:09:47'),(638,15,'2020-12-12 16:09:54','2020-12-12 16:09:54'),(639,17,'2020-12-12 16:10:24','2020-12-12 16:10:24'),(640,16,'2020-12-12 16:10:34','2020-12-12 16:10:34'),(641,15,'2020-12-12 16:12:05','2020-12-12 16:12:05'),(642,15,'2020-12-12 16:12:48','2020-12-12 16:12:48'),(643,15,'2020-12-12 16:13:11','2020-12-12 16:13:11'),(644,39,'2020-12-12 16:40:52','2020-12-12 16:40:52'),(645,47,'2020-12-12 17:06:25','2020-12-12 17:06:25'),(646,47,'2020-12-12 17:10:06','2020-12-12 17:10:06'),(647,47,'2020-12-12 18:14:29','2020-12-12 18:14:29'),(648,37,'2020-12-12 18:14:41','2020-12-12 18:14:41'),(649,5,'2020-12-12 18:43:27','2020-12-12 18:43:27'),(650,48,'2020-12-12 19:08:58','2020-12-12 19:08:58'),(651,15,'2020-12-12 19:27:47','2020-12-12 19:27:47'),(652,15,'2020-12-12 19:31:47','2020-12-12 19:31:47'),(653,9,'2020-12-13 00:09:03','2020-12-13 00:09:03'),(654,48,'2020-12-13 00:15:00','2020-12-13 00:15:00'),(655,30,'2020-12-13 00:15:14','2020-12-13 00:15:14'),(656,28,'2020-12-13 00:15:18','2020-12-13 00:15:18'),(657,38,'2020-12-13 12:18:49','2020-12-13 12:18:49'),(658,46,'2020-12-13 12:52:56','2020-12-13 12:52:56'),(659,19,'2020-12-13 12:55:22','2020-12-13 12:55:22'),(660,19,'2020-12-13 12:55:27','2020-12-13 12:55:27'),(661,47,'2021-01-20 16:13:37','2021-01-20 16:13:37'),(662,6,'2021-01-20 16:15:48','2021-01-20 16:15:48'),(663,8,'2021-01-20 16:16:02','2021-01-20 16:16:02'),(664,47,'2021-01-20 23:49:02','2021-01-20 23:49:02'),(665,19,'2021-01-20 23:49:40','2021-01-20 23:49:40'),(666,18,'2021-01-20 23:50:02','2021-01-20 23:50:02'),(667,5,'2021-01-20 23:51:18','2021-01-20 23:51:18'),(668,12,'2021-01-20 23:55:01','2021-01-20 23:55:01'),(669,45,'2021-01-21 00:01:03','2021-01-21 00:01:03'),(670,49,'2021-01-21 00:05:19','2021-01-21 00:05:19'),(671,19,'2021-01-21 00:05:22','2021-01-21 00:05:22'),(672,5,'2021-01-21 00:05:26','2021-01-21 00:05:26'),(673,18,'2021-01-21 00:05:34','2021-01-21 00:05:34'),(674,13,'2021-01-21 00:06:15','2021-01-21 00:06:15'),(675,12,'2021-01-21 00:07:05','2021-01-21 00:07:05'),(676,11,'2021-01-21 00:07:17','2021-01-21 00:07:17'),(677,24,'2021-01-21 08:38:51','2021-01-21 08:38:51'),(678,22,'2021-01-21 08:38:59','2021-01-21 08:38:59'),(679,37,'2021-01-21 08:39:29','2021-01-21 08:39:29'),(680,49,'2021-01-21 08:39:31','2021-01-21 08:39:31'),(681,5,'2021-01-21 08:39:35','2021-01-21 08:39:35'),(682,18,'2021-01-21 08:39:44','2021-01-21 08:39:44'),(683,19,'2021-01-21 08:39:58','2021-01-21 08:39:58'),(684,5,'2021-01-21 08:40:35','2021-01-21 08:40:35'),(685,18,'2021-01-21 08:40:36','2021-01-21 08:40:36'),(686,5,'2021-01-21 08:40:37','2021-01-21 08:40:37'),(687,49,'2021-01-21 08:40:38','2021-01-21 08:40:38'),(688,45,'2021-01-21 08:58:06','2021-01-21 08:58:06'),(689,49,'2021-01-21 08:58:13','2021-01-21 08:58:13'),(690,50,'2021-01-21 09:01:24','2021-01-21 09:01:24'),(691,49,'2021-01-21 09:32:59','2021-01-21 09:32:59'),(692,5,'2021-01-21 09:42:14','2021-01-21 09:42:14'),(693,50,'2021-03-16 13:57:50','2021-03-16 13:57:50'),(694,1,'2021-05-23 01:39:44','2021-05-23 01:39:44'),(695,41,'2021-05-23 01:46:02','2021-05-23 01:46:02'),(696,41,'2021-05-23 01:46:04','2021-05-23 01:46:04'),(697,42,'2021-05-23 01:46:08','2021-05-23 01:46:08'),(698,42,'2021-05-23 01:46:09','2021-05-23 01:46:09'),(699,43,'2021-05-23 01:46:13','2021-05-23 01:46:13'),(700,41,'2021-05-23 02:29:23','2021-05-23 02:29:23');
/*!40000 ALTER TABLE `plays` ENABLE KEYS */;
UNLOCK TABLES;

--
-- Table structure for table `sortbies`
--

DROP TABLE IF EXISTS `sortbies`;
/*!40101 SET @saved_cs_client     = @@character_set_client */;
/*!50503 SET character_set_client = utf8mb4 */;
CREATE TABLE `sortbies` (
  `id` int NOT NULL AUTO_INCREMENT,
  `name` varchar(255) NOT NULL,
  PRIMARY KEY (`id`)
) ENGINE=InnoDB AUTO_INCREMENT=5 DEFAULT CHARSET=utf8mb4 COLLATE=utf8mb4_0900_ai_ci;
/*!40101 SET character_set_client = @saved_cs_client */;

--
-- Dumping data for table `sortbies`
--

LOCK TABLES `sortbies` WRITE;
/*!40000 ALTER TABLE `sortbies` DISABLE KEYS */;
INSERT INTO `sortbies` VALUES (1,'Latest'),(2,'Oldest'),(3,'Price: High to Low'),(4,'Price: Low to High');
/*!40000 ALTER TABLE `sortbies` ENABLE KEYS */;
UNLOCK TABLES;

--
-- Table structure for table `users`
--

DROP TABLE IF EXISTS `users`;
/*!40101 SET @saved_cs_client     = @@character_set_client */;
/*!50503 SET character_set_client = utf8mb4 */;
CREATE TABLE `users` (
  `id` bigint unsigned NOT NULL AUTO_INCREMENT,
  `username` varchar(15) CHARACTER SET utf8mb4 COLLATE utf8mb4_unicode_ci NOT NULL,
  `name` varchar(30) CHARACTER SET utf8mb4 COLLATE utf8mb4_unicode_ci DEFAULT NULL,
  `email` varchar(255) CHARACTER SET utf8mb4 COLLATE utf8mb4_unicode_ci NOT NULL,
  `email_verified_at` timestamp NULL DEFAULT NULL,
  `password` varchar(255) CHARACTER SET utf8mb4 COLLATE utf8mb4_unicode_ci NOT NULL,
  `avatar` varchar(255) CHARACTER SET utf8mb4 COLLATE utf8mb4_unicode_ci DEFAULT NULL,
  `background` varchar(255) CHARACTER SET utf8mb4 COLLATE utf8mb4_unicode_ci DEFAULT NULL,
  `aboutme` varchar(150) CHARACTER SET utf8mb4 COLLATE utf8mb4_unicode_ci DEFAULT NULL,
  `genre` varchar(50) CHARACTER SET utf8mb4 COLLATE utf8mb4_unicode_ci DEFAULT NULL,
  `twitter` varchar(255) CHARACTER SET utf8mb4 COLLATE utf8mb4_unicode_ci DEFAULT NULL,
  `instagram` varchar(255) CHARACTER SET utf8mb4 COLLATE utf8mb4_unicode_ci DEFAULT NULL,
  `youtube` varchar(255) CHARACTER SET utf8mb4 COLLATE utf8mb4_unicode_ci DEFAULT NULL,
  `remember_token` varchar(100) CHARACTER SET utf8mb4 COLLATE utf8mb4_unicode_ci DEFAULT NULL,
  `created_at` timestamp NULL DEFAULT NULL,
  `updated_at` timestamp NULL DEFAULT NULL,
  PRIMARY KEY (`id`),
  UNIQUE KEY `users_email_unique` (`email`)
) ENGINE=InnoDB AUTO_INCREMENT=18 DEFAULT CHARSET=utf8mb4 COLLATE=utf8mb4_unicode_ci;
/*!40101 SET character_set_client = @saved_cs_client */;

--
-- Dumping data for table `users`
--

LOCK TABLES `users` WRITE;
/*!40000 ALTER TABLE `users` DISABLE KEYS */;
INSERT INTO `users` VALUES (1,'beetelboy','Marvin','marvin@gmail.com',NULL,'$2y$10$K56WRz9tIL9sxHVlMpWYje/ZoZzwu4oQoL.25V7OvvvF/8F8.i7P.','avatar/xYdxkcm6iLM110kS5tF3tydm7mVh2trhIIiTzokn.png','background/Qc1O69mfP2Vq1uPw6nRl6LeX6hLPTPokuKWLNrNp.jpeg','My name is Marvin and I\'m from Belgium.','Hip Hop','','beetelboy','',NULL,'2020-11-06 00:54:28','2021-05-23 03:52:53'),(2,'Pierre','Pierre Bourne','pierrebourne@gmail.com',NULL,'$2y$10$77ZEFoTL8AUGCiL22t.TUO7iVAI1hjXlP73xf62APPIgaS4CMq3HW','avatar/TDcBmsV3xknDrpfMpfrxqUqqTVWU6DOimQMxlHPJ.jpeg','assets/images/background.png',NULL,NULL,NULL,NULL,NULL,NULL,'2020-11-22 16:13:16','2020-12-12 10:30:11'),(3,'jetsonmade','Tahj Morgan','tahjmorgan@gmail.com',NULL,'$2y$10$Z3bNeZX5jVp7ECcsshMUf.WYUitDh29bOGo6RZHMOnEsNIrVJKIqy','avatar/doC9PY9z8ug07dG4ZraLjuVnelLG7We84q5OcBG2.jpeg','assets/images/background.png','I\'m from South Carolina','Hip Hop','jetsonmade',NULL,NULL,NULL,'2020-11-22 19:17:46','2020-12-11 13:32:37'),(4,'Matthias','Matthias Lachat','matthiaslachat@gmail.com',NULL,'$2y$10$wA5TF5uS/qd.KId9Y9Sfhe.5Lf9citF93LdKCp20NS07FRmr09yJu','avatar/FY480zeNxeOfZyxVyWeeJUdMnwxtb01fkxrQXrGB.jpeg','assets/images/background.png','Fire producer, no cap','Hip Hop',NULL,NULL,NULL,NULL,'2020-11-27 12:05:15','2020-12-11 13:35:31'),(5,'Ronny','Ronny J','ronnyj@gmail.com',NULL,'$2y$10$j82vzDu2ballQ4caDpu.9ON/2C1KyojAKNY4ZsKOR.Gq8pi.Qzynq','avatar/WH90RN57o6xKUCqmlyWWI7UPvQuW801IK68CkknF.jpeg','background/CkPAWylW2CADUvM3hZUL7Xq7m2EbfbeE8luQSdaG.jpeg','Ronald Oneil Spence, Jr. (born September 14, 1992), better known as his stage name Ronny J (stylized as RONNYJ) or Ronny J Listen Up.','Hip Hop',NULL,NULL,NULL,NULL,'2020-11-29 12:35:17','2020-12-11 13:17:08'),(6,'Acrobatico','Lazlo','lazlo@gmail.com',NULL,'$2y$10$zZdeEK4cUp3.I4MxqoJAuumYxlDAinmScUaqsHXpTm7xVPw5ozz2y','avatar/NFvO5MdMX6y3hyyfDjmAwUhOY9TOCtvOPROiHY0D.jpeg','background/EAMKnQgRHpB3MhPIEYLQGtKbLjeyinI73IwCoSzT.jpeg',NULL,'Hip Hop',NULL,NULL,NULL,NULL,'2020-12-05 17:00:27','2020-12-10 15:03:18'),(7,'Train',NULL,'train@gmail.com',NULL,'$2y$10$5qKqg6ewqfT.RHwOmYVHre9VRN3T3wizITwwwgIJrHT1ntzcP4kpi','avatar/kLIYZJEcc4T0updoYBoZ0ChooUDJNfVSQNd0zuNU.jpeg','background/GgWKE0BnA3aDQSuIPWP9dcg7UCaaMfKp5LuqLBMQ.jpeg','Train is an American rock band from San Francisco, formed in 1993.','Pop','train','train','train',NULL,'2020-12-09 15:57:51','2020-12-10 15:04:48'),(8,'djkhaled','DJ Khaled','djkhaled@gmail.com',NULL,'$2y$10$EH2/7T375ZHLcPijiq4CFerCklUWxWUt2pdsKPPmlufoUZfFolar6','avatar/AidbuSythUZI15c4yuH8cBKXDguh0hgMC43W9jRP.jpeg','assets/images/background.png','The self-proclaimed King of the Anthems, DJ Khaled is an American record producer, DJ, radio personality, record label executive, actor and author.',NULL,'djkhaled','djkhaled',NULL,NULL,'2020-12-12 09:41:48','2020-12-12 09:44:10'),(9,'kanye','Kanye West','kanye@gmail.com',NULL,'$2y$10$x9cIhsjgmapUW1DFD./LLeKFNcNOY6DCs06YsVFwg09LKC.Xa1FoC','avatar/OoD2A2P3S8DaL04CsqcgKX5KAQyYV1o5YmCKCefb.jpeg','assets/images/background.png','Kanye West is a Grammy Award-winning rapper and record producer and fashion designer.',NULL,NULL,NULL,NULL,NULL,'2020-12-12 11:15:43','2020-12-12 11:16:36'),(10,'Queen',NULL,'queen@gmail.com',NULL,'$2y$10$YzbWPPghRWOnOEFkJsV83.cM/WjG8lULLRr7FTFlxiQtOfblMV/3.','avatar/kFgDm2F8V8spCgmbR77taCgGUoFxxd4qRvo2v1h9.png','assets/images/background.png','a British rock band','Rock','queenwillrock','officialqueenmusic',NULL,NULL,'2020-12-12 11:55:24','2020-12-12 11:56:09'),(11,'Avicii','Tim Bergling','avicii@gmail.com',NULL,'$2y$10$CwV6GB45LtWJalCfpXll6eqOJ5Dy04P7YdKUNfcO7cYf9Q8/kT2SS','avatar/y3FfT6fk5vjNDPdlKJ7XZinPhRYpvRd9zaLNwfDW.jpeg','assets/images/background.png','a Swedish record producer and DJ','Electronic','avicii',NULL,NULL,NULL,'2020-12-12 12:12:36','2020-12-12 12:13:02'),(12,'BobMarley','Bob Marley','bobmarley@gmail.com',NULL,'$2y$10$pBgVF/uQ93JkX1gEjO4waOHVaDV6rZoHHQDfx2b.HyuSbyKmbWj.C','avatar/YNgqWhNNSxzEFEYgDyN8cetb73EC319F2ChKDMqL.jpeg','assets/images/background.png','A Reggae Legend','Reggae',NULL,NULL,NULL,NULL,'2020-12-12 12:21:08','2020-12-12 12:23:26'),(13,'Taylor','Taylor Swift','taylorswift@gmail.com',NULL,'$2y$10$Vp/cNTQjOAsS0DHuLDjEi.Ozo7TvAe90d2BaFWeH0YnrLD//lsIZe','avatar/6cYEJxS4OwmuEAAvwcB80MxDU4LCc1pdPywcRatv.jpeg','assets/images/background.png',NULL,NULL,'taylorswift13','taylorswift',NULL,NULL,'2020-12-12 12:26:11','2020-12-12 12:26:29'),(14,'Macleod','Kevin Macleod','kevinmacleod@gmail.com',NULL,'$2y$10$WlKZEnXhWGZ6KXriuU4JX.0jFO1KxrQEyyqykVDK86Mhd8qfg8xZi','avatar/G0IijdwBrN9MmuL4tRjzM8MNNLjnUJHwH68UvDQY.jpeg','assets/images/background.png',NULL,'World',NULL,NULL,NULL,NULL,'2020-12-12 12:32:00','2020-12-12 12:32:24'),(15,'QuincyJones','Quincy Jones','quincyjones@gmail.com',NULL,'$2y$10$Cy4oFOCFyNER6hFVLb1p8ORoTOMl9iugrGivzKb8ZvFIAspm9DzDW','avatar/vKb36C500LwEufAvPRtn9PmrCMxv6TM6IwxPMVLY.jpeg','assets/images/background.png','I\'m Quincy.','Pop',NULL,NULL,NULL,NULL,'2021-01-21 08:59:53','2021-01-21 09:00:09'),(16,'Gotye','Wouter','wouterdebacker@gmail.com',NULL,'$2y$10$6ny..VIbc62cC0KROT5wh.Tz4UdnNV9VU4uXu55yB.I7IpNxGHk3S','avatar/BPPbLwBkWsmUi8Nrwqwo0EOb8kwIY2gSfox7aCQL.jpeg','assets/images/background.png','I\'m Gotye from Bruges.','Pop','gotye','gotye','gotyemusic',NULL,'2021-01-21 09:31:55','2021-01-21 09:32:10');
/*!40000 ALTER TABLE `users` ENABLE KEYS */;
UNLOCK TABLES;
/*!40103 SET TIME_ZONE=@OLD_TIME_ZONE */;

/*!40101 SET SQL_MODE=@OLD_SQL_MODE */;
/*!40014 SET FOREIGN_KEY_CHECKS=@OLD_FOREIGN_KEY_CHECKS */;
/*!40014 SET UNIQUE_CHECKS=@OLD_UNIQUE_CHECKS */;
/*!40101 SET CHARACTER_SET_CLIENT=@OLD_CHARACTER_SET_CLIENT */;
/*!40101 SET CHARACTER_SET_RESULTS=@OLD_CHARACTER_SET_RESULTS */;
/*!40101 SET COLLATION_CONNECTION=@OLD_COLLATION_CONNECTION */;
/*!40111 SET SQL_NOTES=@OLD_SQL_NOTES */;

-- Dump completed on 2021-05-23  6:23:50
